McElwee,Heath,80984257,hmcelwee0@netvibes.com,1 Marquette Drive,http://dummyimage.com/150x150.png/ff4444/ffffff
Overthrow,Bailie,95640976,boverthrow1@yale.edu,38387 Boyd Street,http://dummyimage.com/150x150.png/ff4444/ffffff
Birdseye,Orsa,14485615,obirdseye2@nytimes.com,885 Schurz Hill,http://dummyimage.com/150x150.png/cc0000/ffffff
Machans,Care,26254440,cmachans3@stanford.edu,768 Schmedeman Way,http://dummyimage.com/150x150.png/dddddd/000000
Courtes,Hagen,39778432,hcourtes4@tripod.com,080 Melby Alley,http://dummyimage.com/150x150.png/5fa2dd/ffffff
Oriel,Mollie,63623306,moriel5@opensource.org,80268 Moulton Crossing,http://dummyimage.com/150x150.png/ff4444/ffffff
Lorryman,Adaline,73254292,alorryman6@latimes.com,7 Eastlawn Avenue,http://dummyimage.com/150x150.png/5fa2dd/ffffff
Allom,Henrieta,89095710,hallom7@china.com.cn,839 Del Sol Street,http://dummyimage.com/150x150.png/cc0000/ffffff
Aindrais,Pate,25407894,paindrais8@zdnet.com,60 Riverside Plaza,http://dummyimage.com/150x150.png/dddddd/000000
Billows,Calypso,76197086,cbillows9@salon.com,84992 Moose Lane,http://dummyimage.com/150x150.png/5fa2dd/ffffff
Reasce,Jackie,42456020,jreascea@answers.com,8 Coleman Place,http://dummyimage.com/150x150.png/5fa2dd/ffffff
Borel,Desdemona,43687164,dborelb@chicagotribune.com,817 Ronald Regan Street,http://dummyimage.com/150x150.png/cc0000/ffffff
Rowesby,Filia,29511811,frowesbyc@blogspot.com,622 Utah Lane,http://dummyimage.com/150x150.png/cc0000/ffffff
Sturrock,Tedda,55725480,tsturrockd@slashdot.org,903 Hooker Crossing,http://dummyimage.com/150x150.png/ff4444/ffffff
Okell,Shanta,54826023,sokelle@youku.com,441 Old Shore Junction,http://dummyimage.com/150x150.png/ff4444/ffffff
Glasner,Tiertza,12078793,tglasnerf@weather.com,49846 Lakewood Gardens Court,http://dummyimage.com/150x150.png/cc0000/ffffff
Warre,Sonia,20473450,swarreg@huffingtonpost.com,0428 Stuart Parkway,http://dummyimage.com/150x150.png/5fa2dd/ffffff
Surmon,Lorain,82398673,lsurmonh@woothemes.com,71 Oak Valley Drive,http://dummyimage.com/150x150.png/cc0000/ffffff
Blabie,Cole,85561083,cblabiei@list-manage.com,8722 Ronald Regan Place,http://dummyimage.com/150x150.png/5fa2dd/ffffff
Hartburn,Terrell,70217961,thartburnj@vistaprint.com,0 Amoth Park,http://dummyimage.com/150x150.png/dddddd/000000
Glencrash,Culver,26084199,cglencrashk@dyndns.org,1238 Jay Place,http://dummyimage.com/150x150.png/dddddd/000000
Shire,Lina,55765918,lshirel@aol.com,98557 Corscot Trail,http://dummyimage.com/150x150.png/cc0000/ffffff
Mummery,Beverly,12851116,bmummerym@jalbum.net,69801 Judy Park,http://dummyimage.com/150x150.png/dddddd/000000
Minard,Cordelie,68926821,cminardn@nbcnews.com,84 New Castle Crossing,http://dummyimage.com/150x150.png/ff4444/ffffff
Magowan,Mimi,49152732,mmagowano@dailymotion.com,121 Sachtjen Lane,http://dummyimage.com/150x150.png/cc0000/ffffff
Mathiot,Goddart,55796954,gmathiotp@hc360.com,21 Harbort Pass,http://dummyimage.com/150x150.png/dddddd/000000
Broughton,Valenka,80523112,vbroughtonq@auda.org.au,91 Monica Avenue,http://dummyimage.com/150x150.png/dddddd/000000
Branscomb,Hilly,42910718,hbranscombr@java.com,390 Golf Course Way,http://dummyimage.com/150x150.png/dddddd/000000
Spancock,Chantalle,48807490,cspancocks@theglobeandmail.com,61 Huxley Crossing,http://dummyimage.com/150x150.png/dddddd/000000
Carrabot,Rozamond,48824649,rcarrabott@admin.ch,37301 Brickson Park Park,http://dummyimage.com/150x150.png/ff4444/ffffff
Kopelman,Hilde,45425025,hkopelmanu@histats.com,39 Anniversary Point,http://dummyimage.com/150x150.png/ff4444/ffffff
Ginnane,Shermie,83696109,sginnanev@booking.com,8 Maryland Parkway,http://dummyimage.com/150x150.png/dddddd/000000
Balassa,Findley,34151478,fbalassaw@livejournal.com,0 Schlimgen Alley,http://dummyimage.com/150x150.png/dddddd/000000
Buffey,Ravi,10132822,rbuffeyx@tiny.cc,790 Toban Junction,http://dummyimage.com/150x150.png/ff4444/ffffff
Buggy,Daryl,34777276,dbuggyy@miitbeian.gov.cn,61 Duke Street,http://dummyimage.com/150x150.png/ff4444/ffffff
McCutcheon,Hugh,25383639,hmccutcheonz@ocn.ne.jp,72 Atwood Pass,http://dummyimage.com/150x150.png/dddddd/000000
Storch,Rufe,89521937,rstorch10@wufoo.com,60691 Declaration Avenue,http://dummyimage.com/150x150.png/5fa2dd/ffffff
Smeuin,Horacio,68518552,hsmeuin11@delicious.com,45 Alpine Circle,http://dummyimage.com/150x150.png/dddddd/000000
Crawley,Mureil,44915254,mcrawley12@taobao.com,99 Northfield Drive,http://dummyimage.com/150x150.png/ff4444/ffffff
Torrance,Marita,44075006,mtorrance13@smh.com.au,71 Browning Point,http://dummyimage.com/150x150.png/dddddd/000000
Hupka,Danni,59456857,dhupka14@narod.ru,391 Sunnyside Parkway,http://dummyimage.com/150x150.png/dddddd/000000
Lisle,Bradford,75430213,blisle15@xinhuanet.com,78 Acker Pass,http://dummyimage.com/150x150.png/dddddd/000000
Griffitt,Sydel,43842061,sgriffitt16@redcross.org,87 Pine View Center,http://dummyimage.com/150x150.png/cc0000/ffffff
Wards,Sisely,11296740,swards17@buzzfeed.com,23192 Hagan Junction,http://dummyimage.com/150x150.png/ff4444/ffffff
Trayhorn,Hermine,96866852,htrayhorn18@360.cn,31 Carioca Pass,http://dummyimage.com/150x150.png/ff4444/ffffff
Rusted,Joya,96322113,jrusted19@wisc.edu,88 Lake View Trail,http://dummyimage.com/150x150.png/ff4444/ffffff
FitzGilbert,Blinnie,92142002,bfitzgilbert1a@nhs.uk,338 Blaine Junction,http://dummyimage.com/150x150.png/ff4444/ffffff
Klimowicz,Susan,31082469,sklimowicz1b@edublogs.org,6537 Russell Park,http://dummyimage.com/150x150.png/ff4444/ffffff
Auty,Isidora,92238666,iauty1c@w3.org,350 Hollow Ridge Place,http://dummyimage.com/150x150.png/cc0000/ffffff
Stagg,Marshal,47136135,mstagg1d@sun.com,08237 Emmet Junction,http://dummyimage.com/150x150.png/5fa2dd/ffffff
Stuther,Dulcia,79511329,dstuther1e@google.ca,7 Shasta Junction,http://dummyimage.com/150x150.png/dddddd/000000
China,Glenden,48592359,gchina1f@arizona.edu,8560 Upham Trail,http://dummyimage.com/150x150.png/cc0000/ffffff
Hayle,Gav,84135382,ghayle1g@desdev.cn,1 Blue Bill Park Hill,http://dummyimage.com/150x150.png/dddddd/000000
Totman,Demetria,15250862,dtotman1h@macromedia.com,8 3rd Avenue,http://dummyimage.com/150x150.png/5fa2dd/ffffff
Bailes,Spencer,52445857,sbailes1i@dot.gov,17775 Village Green Trail,http://dummyimage.com/150x150.png/dddddd/000000
Lerego,Tremain,13343981,tlerego1j@webnode.com,1202 Pine View Road,http://dummyimage.com/150x150.png/cc0000/ffffff
Sidebotham,Tera,11948699,tsidebotham1k@ibm.com,4 Donald Circle,http://dummyimage.com/150x150.png/5fa2dd/ffffff
Childers,Victoir,50678993,vchilders1l@creativecommons.org,290 Lien Trail,http://dummyimage.com/150x150.png/ff4444/ffffff
Bispo,Constantino,59627824,cbispo1m@linkedin.com,58 Farragut Junction,http://dummyimage.com/150x150.png/5fa2dd/ffffff
Blankley,Brooks,70460162,bblankley1n@phoca.cz,89 Debs Plaza,http://dummyimage.com/150x150.png/cc0000/ffffff
Orsi,Tonie,41023195,torsi1o@bravesites.com,23794 Grayhawk Street,http://dummyimage.com/150x150.png/dddddd/000000
Louder,Danell,17097034,dlouder1p@ed.gov,65841 Marcy Pass,http://dummyimage.com/150x150.png/cc0000/ffffff
Kleinstub,Tamas,83734704,tkleinstub1q@pbs.org,0460 1st Crossing,http://dummyimage.com/150x150.png/ff4444/ffffff
Amy,Barde,70912591,bamy1r@hexun.com,29507 Arapahoe Plaza,http://dummyimage.com/150x150.png/dddddd/000000
Possel,Sybyl,11979776,spossel1s@weebly.com,9237 Drewry Alley,http://dummyimage.com/150x150.png/ff4444/ffffff
Yoselevitch,Granthem,58470487,gyoselevitch1t@e-recht24.de,17 Sachtjen Junction,http://dummyimage.com/150x150.png/5fa2dd/ffffff
Alessandrucci,Donia,40593094,dalessandrucci1u@opera.com,93630 Monument Way,http://dummyimage.com/150x150.png/dddddd/000000
Venning,Adey,54659269,avenning1v@quantcast.com,823 Prairie Rose Park,http://dummyimage.com/150x150.png/ff4444/ffffff
Packham,Rudie,84359470,rpackham1w@topsy.com,64890 Red Cloud Trail,http://dummyimage.com/150x150.png/cc0000/ffffff
Ausello,Barrie,37511339,bausello1x@yahoo.co.jp,9 Granby Junction,http://dummyimage.com/150x150.png/dddddd/000000
Hunnywell,Hunter,97331978,hhunnywell1y@youku.com,715 Carey Point,http://dummyimage.com/150x150.png/cc0000/ffffff
Cantrell,Florencia,77110751,fcantrell1z@kickstarter.com,63541 Sachs Drive,http://dummyimage.com/150x150.png/cc0000/ffffff
Cosser,Car,59330739,ccosser20@hibu.com,288 Katie Hill,http://dummyimage.com/150x150.png/ff4444/ffffff
Alcott,Trumaine,36937055,talcott21@redcross.org,2346 Brickson Park Parkway,http://dummyimage.com/150x150.png/dddddd/000000
Wardhaw,Bram,17553700,bwardhaw22@huffingtonpost.com,01516 Gulseth Pass,http://dummyimage.com/150x150.png/5fa2dd/ffffff
Gregs,Reina,66135789,rgregs23@artisteer.com,48 Nobel Drive,http://dummyimage.com/150x150.png/cc0000/ffffff
Whopples,Cherri,31445654,cwhopples24@technorati.com,03 Debra Place,http://dummyimage.com/150x150.png/5fa2dd/ffffff
Gaskins,Cecilio,10378778,cgaskins25@hexun.com,9 Lien Road,http://dummyimage.com/150x150.png/5fa2dd/ffffff
Yuille,Prentice,73073918,pyuille26@drupal.org,26758 Oakridge Drive,http://dummyimage.com/150x150.png/ff4444/ffffff
Whettleton,Bernadine,37982490,bwhettleton27@cdc.gov,6 Colorado Hill,http://dummyimage.com/150x150.png/cc0000/ffffff
Boyd,Linell,71414874,lboyd28@xrea.com,704 Portage Crossing,http://dummyimage.com/150x150.png/ff4444/ffffff
Grimwad,Linzy,88820136,lgrimwad29@fc2.com,8 Brickson Park Terrace,http://dummyimage.com/150x150.png/5fa2dd/ffffff
Bernardes,Kennett,45487928,kbernardes2a@instagram.com,573 Manitowish Center,http://dummyimage.com/150x150.png/cc0000/ffffff
Hukin,Karina,11343020,khukin2b@netlog.com,40 Scoville Center,http://dummyimage.com/150x150.png/cc0000/ffffff
Ackrill,Lucilia,96351145,lackrill2c@chronoengine.com,6743 Pennsylvania Pass,http://dummyimage.com/150x150.png/ff4444/ffffff
Bittleson,Kriste,93204588,kbittleson2d@msn.com,90 Dexter Court,http://dummyimage.com/150x150.png/dddddd/000000
Northgraves,Valdemar,19636287,vnorthgraves2e@addtoany.com,2 Gina Point,http://dummyimage.com/150x150.png/dddddd/000000
Sawnwy,Cleavland,16844173,csawnwy2f@jigsy.com,94 3rd Court,http://dummyimage.com/150x150.png/cc0000/ffffff
Berkley,Almire,57951112,aberkley2g@pcworld.com,2 Alpine Plaza,http://dummyimage.com/150x150.png/5fa2dd/ffffff
Halfhead,Berni,40412983,bhalfhead2h@wikispaces.com,9663 Lukken Plaza,http://dummyimage.com/150x150.png/dddddd/000000
Wardel,Alix,95363251,awardel2i@who.int,717 Schurz Road,http://dummyimage.com/150x150.png/ff4444/ffffff
Berge,Sanford,71450076,sberge2j@mayoclinic.com,28 Packers Center,http://dummyimage.com/150x150.png/dddddd/000000
Crickmore,Stearne,28012468,scrickmore2k@last.fm,47743 Lindbergh Circle,http://dummyimage.com/150x150.png/5fa2dd/ffffff
Leblanc,Cody,79262243,cleblanc2l@harvard.edu,19277 3rd Drive,http://dummyimage.com/150x150.png/cc0000/ffffff
Parton,Lotty,41668691,lparton2m@youtu.be,6216 Crownhardt Terrace,http://dummyimage.com/150x150.png/dddddd/000000
Woodington,Willis,19436236,wwoodington2n@jimdo.com,5 Shasta Way,http://dummyimage.com/150x150.png/cc0000/ffffff
Golly,Janenna,95362720,jgolly2o@tinyurl.com,49 Norway Maple Place,http://dummyimage.com/150x150.png/cc0000/ffffff
Shinefield,Claudianus,96573492,cshinefield2p@weebly.com,458 Truax Avenue,http://dummyimage.com/150x150.png/ff4444/ffffff
Garioch,Olly,65229261,ogarioch2q@paypal.com,48824 Cascade Plaza,http://dummyimage.com/150x150.png/5fa2dd/ffffff
Duferie,Sayre,40091471,sduferie2r@alibaba.com,35 Clarendon Alley,http://dummyimage.com/150x150.png/5fa2dd/ffffff
Andor,Karlyn,81266098,kandor2s@msu.edu,035 Lotheville Street,http://dummyimage.com/150x150.png/cc0000/ffffff
Stigger,Theresita,54818686,tstigger2t@sourceforge.net,58945 Fordem Terrace,http://dummyimage.com/150x150.png/ff4444/ffffff
Doody,Kayley,47250958,kdoody2u@twitpic.com,6 Nelson Hill,http://dummyimage.com/150x150.png/dddddd/000000
Bosket,Evelina,31461766,ebosket2v@google.ca,8 Coolidge Court,http://dummyimage.com/150x150.png/cc0000/ffffff
Benesevich,Teodoor,61270968,tbenesevich2w@buzzfeed.com,3355 Shelley Park,http://dummyimage.com/150x150.png/dddddd/000000
Heinsius,Nonah,20639858,nheinsius2x@foxnews.com,4 West Circle,http://dummyimage.com/150x150.png/cc0000/ffffff
Shrawley,Tore,34385303,tshrawley2y@google.fr,0977 Northland Crossing,http://dummyimage.com/150x150.png/5fa2dd/ffffff
Sloy,Patricia,78171924,psloy2z@photobucket.com,03257 Rutledge Trail,http://dummyimage.com/150x150.png/5fa2dd/ffffff
Cope,Phyllys,39699714,pcope30@xinhuanet.com,466 Oriole Alley,http://dummyimage.com/150x150.png/dddddd/000000
Ragsdale,Frederich,59446478,fragsdale31@webnode.com,01 Declaration Avenue,http://dummyimage.com/150x150.png/ff4444/ffffff
Abramovicz,Adolph,52909747,aabramovicz32@buzzfeed.com,0737 Memorial Court,http://dummyimage.com/150x150.png/5fa2dd/ffffff
Hughf,Trish,13720098,thughf33@abc.net.au,07 Porter Alley,http://dummyimage.com/150x150.png/5fa2dd/ffffff
Windram,Wilden,78517414,wwindram34@usatoday.com,37683 Utah Lane,http://dummyimage.com/150x150.png/5fa2dd/ffffff
Hartley,Moritz,54960450,mhartley35@hugedomains.com,0713 Reindahl Terrace,http://dummyimage.com/150x150.png/cc0000/ffffff
Cabel,Rosalie,62602248,rcabel36@goo.gl,6370 Westend Terrace,http://dummyimage.com/150x150.png/5fa2dd/ffffff
Woodburne,Dennie,70712826,dwoodburne37@elegantthemes.com,79326 Reindahl Place,http://dummyimage.com/150x150.png/cc0000/ffffff
Meller,Travers,25687578,tmeller38@gmpg.org,1068 Daystar Parkway,http://dummyimage.com/150x150.png/dddddd/000000
Poyle,Cullan,68273848,cpoyle39@pagesperso-orange.fr,8480 Troy Court,http://dummyimage.com/150x150.png/cc0000/ffffff
Wellbelove,Kev,45839845,kwellbelove3a@ox.ac.uk,67 Pennsylvania Point,http://dummyimage.com/150x150.png/ff4444/ffffff
De Leek,Tobit,47779877,tdeleek3b@army.mil,92632 Browning Road,http://dummyimage.com/150x150.png/cc0000/ffffff
Goodbairn,Binni,28016142,bgoodbairn3c@instagram.com,327 Dayton Junction,http://dummyimage.com/150x150.png/cc0000/ffffff
Snow,Lorens,33212913,lsnow3d@huffingtonpost.com,11 Northfield Hill,http://dummyimage.com/150x150.png/cc0000/ffffff
Brayley,Letitia,57687679,lbrayley3e@techcrunch.com,174 Grasskamp Point,http://dummyimage.com/150x150.png/5fa2dd/ffffff
Neljes,Katya,29736388,kneljes3f@telegraph.co.uk,9 Park Meadow Parkway,http://dummyimage.com/150x150.png/dddddd/000000
Brockway,Binny,28666542,bbrockway3g@discuz.net,13079 Artisan Junction,http://dummyimage.com/150x150.png/cc0000/ffffff
Churms,Candace,38907014,cchurms3h@globo.com,080 Warbler Place,http://dummyimage.com/150x150.png/ff4444/ffffff
Hainey,Theodora,39304344,thainey3i@flickr.com,7432 Mesta Junction,http://dummyimage.com/150x150.png/ff4444/ffffff
Blaik,Cyrill,31697284,cblaik3j@bluehost.com,8197 Nancy Avenue,http://dummyimage.com/150x150.png/dddddd/000000
McInteer,Osbourne,76728845,omcinteer3k@rakuten.co.jp,80 Milwaukee Point,http://dummyimage.com/150x150.png/ff4444/ffffff
Habben,Arvin,89958076,ahabben3l@mapquest.com,321 Graedel Circle,http://dummyimage.com/150x150.png/ff4444/ffffff
Thurston,Sinclare,93487130,sthurston3m@blogs.com,70510 4th Parkway,http://dummyimage.com/150x150.png/5fa2dd/ffffff
Patman,Aveline,58131725,apatman3n@ox.ac.uk,251 Scott Crossing,http://dummyimage.com/150x150.png/cc0000/ffffff
Stodd,Jakie,66670079,jstodd3o@hc360.com,676 Heath Alley,http://dummyimage.com/150x150.png/cc0000/ffffff
Noton,Arel,38793983,anoton3p@icq.com,63002 Hollow Ridge Parkway,http://dummyimage.com/150x150.png/dddddd/000000
Madine,Mufi,44775013,mmadine3q@ibm.com,9 West Point,http://dummyimage.com/150x150.png/ff4444/ffffff
Randalston,Olympie,56875422,orandalston3r@whitehouse.gov,2758 Clemons Pass,http://dummyimage.com/150x150.png/5fa2dd/ffffff
Illyes,Yasmin,49165369,yillyes3s@indiegogo.com,17 Vahlen Center,http://dummyimage.com/150x150.png/ff4444/ffffff
Olliver,Dov,78355806,dolliver3t@admin.ch,126 Elmside Drive,http://dummyimage.com/150x150.png/cc0000/ffffff
Lomasney,Davon,66862673,dlomasney3u@imageshack.us,04 Dorton Avenue,http://dummyimage.com/150x150.png/ff4444/ffffff
Shimwall,Winnah,90971431,wshimwall3v@omniture.com,34 Holy Cross Parkway,http://dummyimage.com/150x150.png/dddddd/000000
Bowry,Wallache,89776420,wbowry3w@google.fr,54181 Huxley Junction,http://dummyimage.com/150x150.png/5fa2dd/ffffff
Millberg,Barris,50547986,bmillberg3x@nature.com,3 Thompson Avenue,http://dummyimage.com/150x150.png/dddddd/000000
Blowne,Neville,11835691,nblowne3y@over-blog.com,67 Messerschmidt Place,http://dummyimage.com/150x150.png/5fa2dd/ffffff
Severwright,Robinia,70898077,rseverwright3z@php.net,39 Clarendon Park,http://dummyimage.com/150x150.png/cc0000/ffffff
Huttley,Arden,26013082,ahuttley40@freewebs.com,65 Maryland Court,http://dummyimage.com/150x150.png/5fa2dd/ffffff
Franscioni,Bethany,77865766,bfranscioni41@nytimes.com,32928 Steensland Terrace,http://dummyimage.com/150x150.png/dddddd/000000
Edgerley,Joellyn,73424555,jedgerley42@aboutads.info,65 Grayhawk Hill,http://dummyimage.com/150x150.png/5fa2dd/ffffff
Claesens,Abdel,34782225,aclaesens43@smugmug.com,17009 Orin Center,http://dummyimage.com/150x150.png/dddddd/000000
Yo,Danya,49404780,dyo44@pen.io,1 Roth Place,http://dummyimage.com/150x150.png/5fa2dd/ffffff
Loude,Ben,98018896,bloude45@youku.com,45 Sullivan Avenue,http://dummyimage.com/150x150.png/dddddd/000000
Dundendale,Angelika,18989085,adundendale46@dagondesign.com,5262 Erie Drive,http://dummyimage.com/150x150.png/dddddd/000000
Blakeley,Dusty,35875518,dblakeley47@multiply.com,484 Eliot Circle,http://dummyimage.com/150x150.png/ff4444/ffffff
Biagioni,Jakob,18017960,jbiagioni48@ft.com,44 Clyde Gallagher Place,http://dummyimage.com/150x150.png/ff4444/ffffff
Halliday,Tricia,81351377,thalliday49@weather.com,796 Bunting Way,http://dummyimage.com/150x150.png/5fa2dd/ffffff
Kimblin,Shelba,63908560,skimblin4a@icio.us,85461 Judy Crossing,http://dummyimage.com/150x150.png/5fa2dd/ffffff
Sayse,Sallee,10436440,ssayse4b@economist.com,516 Shelley Point,http://dummyimage.com/150x150.png/dddddd/000000
Ballam,Marve,66641900,mballam4c@nih.gov,16 Longview Circle,http://dummyimage.com/150x150.png/cc0000/ffffff
Paty,Gabbi,39029368,gpaty4d@home.pl,16385 Laurel Avenue,http://dummyimage.com/150x150.png/5fa2dd/ffffff
Ellar,Natale,36898985,nellar4e@weebly.com,4355 La Follette Circle,http://dummyimage.com/150x150.png/5fa2dd/ffffff
Cominello,Irwinn,52665622,icominello4f@apache.org,45767 Clyde Gallagher Parkway,http://dummyimage.com/150x150.png/ff4444/ffffff
Loveguard,Webster,95231856,wloveguard4g@surveymonkey.com,07801 Nova Plaza,http://dummyimage.com/150x150.png/dddddd/000000
Klima,Lisha,48055300,lklima4h@bloomberg.com,5 Corben Pass,http://dummyimage.com/150x150.png/dddddd/000000
Burgiss,Dory,43447318,dburgiss4i@baidu.com,1 Bultman Plaza,http://dummyimage.com/150x150.png/dddddd/000000
Choules,Willdon,71117428,wchoules4j@instagram.com,9 Veith Place,http://dummyimage.com/150x150.png/dddddd/000000
Dymond,Morey,81045253,mdymond4k@cbslocal.com,2 Larry Hill,http://dummyimage.com/150x150.png/ff4444/ffffff
Vallance,Sylvan,38350498,svallance4l@amazon.co.uk,205 Saint Paul Trail,http://dummyimage.com/150x150.png/ff4444/ffffff
Macrae,Janeta,54271131,jmacrae4m@japanpost.jp,81822 Onsgard Park,http://dummyimage.com/150x150.png/5fa2dd/ffffff
Tebbit,Even,45685548,etebbit4n@ibm.com,9474 Saint Paul Parkway,http://dummyimage.com/150x150.png/5fa2dd/ffffff
Bartoli,Kassi,57858514,kbartoli4o@uiuc.edu,4 Weeping Birch Court,http://dummyimage.com/150x150.png/cc0000/ffffff
Garfath,Eward,70312084,egarfath4p@cnn.com,3 Hayes Court,http://dummyimage.com/150x150.png/cc0000/ffffff
Chirm,Stacee,96037821,schirm4q@independent.co.uk,277 Morrow Plaza,http://dummyimage.com/150x150.png/dddddd/000000
Folbige,Muhammad,81529963,mfolbige4r@taobao.com,9 Anzinger Parkway,http://dummyimage.com/150x150.png/dddddd/000000
Sneezem,Roderich,58651194,rsneezem4s@exblog.jp,8994 Brentwood Point,http://dummyimage.com/150x150.png/5fa2dd/ffffff
Rodger,Gladys,35514308,grodger4t@europa.eu,643 Autumn Leaf Junction,http://dummyimage.com/150x150.png/dddddd/000000
Le Pruvost,Shaine,11934161,slepruvost4u@hubpages.com,49500 Maple Point,http://dummyimage.com/150x150.png/5fa2dd/ffffff
Dowsett,Teddie,71757033,tdowsett4v@w3.org,9 Homewood Way,http://dummyimage.com/150x150.png/ff4444/ffffff
Blackway,Nat,69372533,nblackway4w@blogspot.com,9 Kropf Parkway,http://dummyimage.com/150x150.png/cc0000/ffffff
Sellstrom,Maurita,97373681,msellstrom4x@senate.gov,8 Miller Park,http://dummyimage.com/150x150.png/cc0000/ffffff
Caldes,Pepito,47351320,pcaldes4y@dmoz.org,7 Walton Park,http://dummyimage.com/150x150.png/dddddd/000000
Zoren,Carlie,99689297,czoren4z@businessweek.com,8 Harbort Point,http://dummyimage.com/150x150.png/ff4444/ffffff
Summerson,Cori,91230136,csummerson50@netvibes.com,33 Daystar Road,http://dummyimage.com/150x150.png/ff4444/ffffff
Ferrieres,Cosmo,73848460,cferrieres51@examiner.com,864 Raven Court,http://dummyimage.com/150x150.png/5fa2dd/ffffff
Flucks,Constanta,38345076,cflucks52@wordpress.org,774 Sachs Crossing,http://dummyimage.com/150x150.png/cc0000/ffffff
Digwood,Wade,24363897,wdigwood53@walmart.com,5426 Nelson Park,http://dummyimage.com/150x150.png/cc0000/ffffff
Gabel,Marina,56862870,mgabel54@bbc.co.uk,9601 Mccormick Drive,http://dummyimage.com/150x150.png/ff4444/ffffff
Swains,Zaccaria,50732371,zswains55@apache.org,4963 Harbort Alley,http://dummyimage.com/150x150.png/5fa2dd/ffffff
Ertel,Dory,59529303,dertel56@tumblr.com,47219 Merrick Road,http://dummyimage.com/150x150.png/ff4444/ffffff
Hun,Storm,97261453,shun57@ustream.tv,17 Independence Drive,http://dummyimage.com/150x150.png/dddddd/000000
Roddy,Ileane,95939965,iroddy58@dell.com,59459 Logan Point,http://dummyimage.com/150x150.png/cc0000/ffffff
Huxtable,Trula,97576612,thuxtable59@ovh.net,6 Raven Park,http://dummyimage.com/150x150.png/ff4444/ffffff
Rodolico,Nelli,12016741,nrodolico5a@opensource.org,8 Union Trail,http://dummyimage.com/150x150.png/dddddd/000000
Fellgett,Mimi,76287204,mfellgett5b@nytimes.com,614 Park Meadow Park,http://dummyimage.com/150x150.png/cc0000/ffffff
Egleton,Aggy,77907006,aegleton5c@hibu.com,225 Vidon Street,http://dummyimage.com/150x150.png/5fa2dd/ffffff
Yakunchikov,Willdon,51821603,wyakunchikov5d@ovh.net,6009 Schiller Avenue,http://dummyimage.com/150x150.png/ff4444/ffffff
Di Biasi,Lynelle,10047214,ldibiasi5e@skype.com,9 Prentice Park,http://dummyimage.com/150x150.png/5fa2dd/ffffff
Woehler,Chryste,90536015,cwoehler5f@google.nl,2 Clove Pass,http://dummyimage.com/150x150.png/dddddd/000000
Whittek,Viv,11400414,vwhittek5g@geocities.jp,35961 Southridge Point,http://dummyimage.com/150x150.png/cc0000/ffffff
Castilljo,Con,59724443,ccastilljo5h@washington.edu,4756 Tennyson Way,http://dummyimage.com/150x150.png/ff4444/ffffff
Le Gall,Harlie,30762386,hlegall5i@nyu.edu,3714 2nd Lane,http://dummyimage.com/150x150.png/cc0000/ffffff
Sidwell,Quentin,57661452,qsidwell5j@msn.com,615 Iowa Court,http://dummyimage.com/150x150.png/cc0000/ffffff
Wrintmore,Sylas,33199690,swrintmore5k@live.com,08 Monterey Park,http://dummyimage.com/150x150.png/5fa2dd/ffffff
Lentsch,Lucie,43056224,llentsch5l@google.com.br,409 Sauthoff Avenue,http://dummyimage.com/150x150.png/cc0000/ffffff
Kahen,Barrie,73800607,bkahen5m@ustream.tv,835 Clemons Hill,http://dummyimage.com/150x150.png/ff4444/ffffff
Merrington,Betta,28496248,bmerrington5n@princeton.edu,4 Elmside Terrace,http://dummyimage.com/150x150.png/5fa2dd/ffffff
Moncrieffe,Gerri,43445704,gmoncrieffe5o@tmall.com,2751 Porter Lane,http://dummyimage.com/150x150.png/dddddd/000000
De La Salle,Perri,42817958,pdelasalle5p@redcross.org,0692 Dawn Alley,http://dummyimage.com/150x150.png/dddddd/000000
Kid,Blisse,55674113,bkid5q@fastcompany.com,7 Bartillon Lane,http://dummyimage.com/150x150.png/cc0000/ffffff
Readings,Wilmar,73268822,wreadings5r@apple.com,02 La Follette Terrace,http://dummyimage.com/150x150.png/5fa2dd/ffffff
Hattam,Haywood,22251871,hhattam5s@home.pl,521 Kipling Street,http://dummyimage.com/150x150.png/5fa2dd/ffffff
Notton,Eugenia,22715114,enotton5t@ask.com,083 Barby Plaza,http://dummyimage.com/150x150.png/ff4444/ffffff
Caso,Ame,23516435,acaso5u@hc360.com,4 Jay Lane,http://dummyimage.com/150x150.png/cc0000/ffffff
Simonini,Revkah,66332739,rsimonini5v@patch.com,47260 Laurel Avenue,http://dummyimage.com/150x150.png/ff4444/ffffff
Bortolazzi,Alec,42128027,abortolazzi5w@dagondesign.com,44906 Surrey Center,http://dummyimage.com/150x150.png/5fa2dd/ffffff
Tyndall,Conrad,34108719,ctyndall5x@amazonaws.com,1 Nevada Trail,http://dummyimage.com/150x150.png/dddddd/000000
Schimek,Jordanna,90959568,jschimek5y@flavors.me,56186 Manitowish Crossing,http://dummyimage.com/150x150.png/dddddd/000000
Sandal,Nils,96648938,nsandal5z@foxnews.com,39825 Calypso Pass,http://dummyimage.com/150x150.png/dddddd/000000
Biggans,Chev,12701738,cbiggans60@sourceforge.net,55 Crest Line Place,http://dummyimage.com/150x150.png/dddddd/000000
Dotson,Gene,27809316,gdotson61@reference.com,37170 Prairie Rose Point,http://dummyimage.com/150x150.png/ff4444/ffffff
Tewkesbury.,Olivia,78025306,otewkesbury62@woothemes.com,32069 Pond Trail,http://dummyimage.com/150x150.png/ff4444/ffffff
Jahnisch,Ellswerth,21228925,ejahnisch63@hatena.ne.jp,33166 Eggendart Terrace,http://dummyimage.com/150x150.png/ff4444/ffffff
Harnett,Cinnamon,49290839,charnett64@merriam-webster.com,855 Pawling Parkway,http://dummyimage.com/150x150.png/dddddd/000000
Yakovliv,Wells,74506533,wyakovliv65@nytimes.com,02 Vera Terrace,http://dummyimage.com/150x150.png/dddddd/000000
Bretland,Janis,55917128,jbretland66@tinypic.com,9938 Manitowish Junction,http://dummyimage.com/150x150.png/dddddd/000000
Lindblom,Addy,91185756,alindblom67@wordpress.org,377 Farmco Trail,http://dummyimage.com/150x150.png/5fa2dd/ffffff
Mignot,Jefferson,10577103,jmignot68@businessweek.com,35941 Loftsgordon Center,http://dummyimage.com/150x150.png/ff4444/ffffff
Fairchild,Kendell,61100034,kfairchild69@ucoz.com,5 Brentwood Road,http://dummyimage.com/150x150.png/5fa2dd/ffffff
Zoephel,Henryetta,99120454,hzoephel6a@creativecommons.org,448 Katie Center,http://dummyimage.com/150x150.png/5fa2dd/ffffff
Loghan,Ursulina,74039730,uloghan6b@princeton.edu,6 Erie Plaza,http://dummyimage.com/150x150.png/cc0000/ffffff
Southouse,Archambault,78350431,asouthouse6c@surveymonkey.com,575 Calypso Park,http://dummyimage.com/150x150.png/cc0000/ffffff
Washtell,Lauren,11722451,lwashtell6d@hostgator.com,2 Algoma Alley,http://dummyimage.com/150x150.png/5fa2dd/ffffff
Bracknall,Cati,22699054,cbracknall6e@apple.com,7 Mockingbird Alley,http://dummyimage.com/150x150.png/dddddd/000000
Viney,Ellie,66764429,eviney6f@cbc.ca,172 Reinke Road,http://dummyimage.com/150x150.png/dddddd/000000
Leeson,Bel,85087502,bleeson6g@ted.com,146 Dexter Place,http://dummyimage.com/150x150.png/5fa2dd/ffffff
Bernardoux,Gracia,93591313,gbernardoux6h@dropbox.com,72 Namekagon Alley,http://dummyimage.com/150x150.png/ff4444/ffffff
Sexcey,Jerrilyn,19820628,jsexcey6i@posterous.com,1 Lakewood Plaza,http://dummyimage.com/150x150.png/dddddd/000000
De la Harpe,Clarence,99738332,cdelaharpe6j@gnu.org,205 Amoth Center,http://dummyimage.com/150x150.png/ff4444/ffffff
Tivnan,Hirsch,10119364,htivnan6k@wunderground.com,1 Reindahl Parkway,http://dummyimage.com/150x150.png/ff4444/ffffff
Jepp,Reeva,12114831,rjepp6l@redcross.org,1 Meadow Vale Place,http://dummyimage.com/150x150.png/ff4444/ffffff
Weaver,Tulley,63538264,tweaver6m@netvibes.com,05763 Fallview Center,http://dummyimage.com/150x150.png/ff4444/ffffff
Stair,Adele,15785751,astair6n@unesco.org,12719 Moose Alley,http://dummyimage.com/150x150.png/ff4444/ffffff
Brech,Wilton,36968769,wbrech6o@nhs.uk,6384 Londonderry Circle,http://dummyimage.com/150x150.png/5fa2dd/ffffff
Tyndall,Lanie,36586515,ltyndall6p@stanford.edu,424 Utah Park,http://dummyimage.com/150x150.png/dddddd/000000
Pound,Huntlee,42168007,hpound6q@narod.ru,121 Drewry Avenue,http://dummyimage.com/150x150.png/cc0000/ffffff
Wane,Zacharie,63290958,zwane6r@last.fm,396 Waubesa Crossing,http://dummyimage.com/150x150.png/ff4444/ffffff
Martinetto,Jim,34467949,jmartinetto6s@utexas.edu,9876 Truax Avenue,http://dummyimage.com/150x150.png/cc0000/ffffff
Bridal,Sabrina,78893869,sbridal6t@google.es,066 La Follette Junction,http://dummyimage.com/150x150.png/5fa2dd/ffffff
Draayer,Bank,26598392,bdraayer6u@surveymonkey.com,9 Farwell Court,http://dummyimage.com/150x150.png/cc0000/ffffff
Alabastar,Jared,64963306,jalabastar6v@house.gov,6476 Brown Trail,http://dummyimage.com/150x150.png/5fa2dd/ffffff
Hinzer,Marni,95204740,mhinzer6w@shinystat.com,444 Longview Hill,http://dummyimage.com/150x150.png/5fa2dd/ffffff
Ivantsov,Richmound,50597108,rivantsov6x@friendfeed.com,7216 Fieldstone Place,http://dummyimage.com/150x150.png/dddddd/000000
Sharma,Stephana,31358025,ssharma6y@purevolume.com,82 Clove Way,http://dummyimage.com/150x150.png/dddddd/000000
Sorel,Felix,63511795,fsorel6z@ucsd.edu,86 Twin Pines Trail,http://dummyimage.com/150x150.png/5fa2dd/ffffff
Drake,Dorene,94147559,ddrake70@webeden.co.uk,702 Mifflin Lane,http://dummyimage.com/150x150.png/ff4444/ffffff
Carwithen,Pen,84330525,pcarwithen71@over-blog.com,275 Carey Terrace,http://dummyimage.com/150x150.png/dddddd/000000
Southerell,Reggie,20293319,rsoutherell72@princeton.edu,6384 Thierer Hill,http://dummyimage.com/150x150.png/5fa2dd/ffffff
Poel,Gill,32692127,gpoel73@trellian.com,29840 Lyons Parkway,http://dummyimage.com/150x150.png/cc0000/ffffff
Dacres,Aubree,26843309,adacres74@howstuffworks.com,8247 Lien Crossing,http://dummyimage.com/150x150.png/dddddd/000000
Renne,Noak,60104522,nrenne75@webnode.com,1 Dwight Alley,http://dummyimage.com/150x150.png/dddddd/000000
McKew,Pail,31153505,pmckew76@cornell.edu,42 Loeprich Street,http://dummyimage.com/150x150.png/5fa2dd/ffffff
Sarll,Tiebold,42606894,tsarll77@marketwatch.com,8 Clyde Gallagher Center,http://dummyimage.com/150x150.png/ff4444/ffffff
Tenbrug,Hamnet,14109869,htenbrug78@wordpress.com,14 Homewood Way,http://dummyimage.com/150x150.png/cc0000/ffffff
Byllam,Jareb,52075728,jbyllam79@geocities.com,45 Maywood Pass,http://dummyimage.com/150x150.png/cc0000/ffffff
Petrelli,Eal,22171575,epetrelli7a@craigslist.org,71646 Pleasure Alley,http://dummyimage.com/150x150.png/cc0000/ffffff
Citrine,Heath,54600285,hcitrine7b@arizona.edu,9 Meadow Valley Pass,http://dummyimage.com/150x150.png/dddddd/000000
Byrd,Correna,74076337,cbyrd7c@princeton.edu,17 Menomonie Road,http://dummyimage.com/150x150.png/5fa2dd/ffffff
Busby,Ulrick,49879426,ubusby7d@360.cn,9 8th Hill,http://dummyimage.com/150x150.png/cc0000/ffffff
Eck,Haily,53691341,heck7e@sitemeter.com,485 Eagan Street,http://dummyimage.com/150x150.png/dddddd/000000
Paolo,Abigale,38411908,apaolo7f@timesonline.co.uk,1424 Menomonie Point,http://dummyimage.com/150x150.png/ff4444/ffffff
Ramsbotham,Shay,87237865,sramsbotham7g@google.fr,561 Oak Drive,http://dummyimage.com/150x150.png/dddddd/000000
Dinjes,Nikolai,32149167,ndinjes7h@umich.edu,3897 Longview Place,http://dummyimage.com/150x150.png/dddddd/000000
Hart,Link,48453158,lhart7i@techcrunch.com,88159 Mosinee Way,http://dummyimage.com/150x150.png/cc0000/ffffff
Dalziell,Carolyne,76076134,cdalziell7j@paginegialle.it,135 Anthes Circle,http://dummyimage.com/150x150.png/ff4444/ffffff
Pallas,Algernon,92246674,apallas7k@dropbox.com,65 Linden Street,http://dummyimage.com/150x150.png/cc0000/ffffff
Chatt,Marcile,59022685,mchatt7l@jigsy.com,7 Mcguire Point,http://dummyimage.com/150x150.png/dddddd/000000
Clampe,Merrili,77912649,mclampe7m@scribd.com,9105 Dottie Point,http://dummyimage.com/150x150.png/ff4444/ffffff
Bennallck,Blakeley,44041192,bbennallck7n@sohu.com,30 Moose Avenue,http://dummyimage.com/150x150.png/5fa2dd/ffffff
Grindell,Harmon,86548598,hgrindell7o@va.gov,4 Warbler Park,http://dummyimage.com/150x150.png/cc0000/ffffff
Gathwaite,Edeline,44883575,egathwaite7p@php.net,497 Tomscot Park,http://dummyimage.com/150x150.png/cc0000/ffffff
Jakubovits,Euphemia,10272835,ejakubovits7q@fotki.com,2 Sunbrook Junction,http://dummyimage.com/150x150.png/ff4444/ffffff
Ivanets,Dinny,51290891,divanets7r@gravatar.com,85 Warner Plaza,http://dummyimage.com/150x150.png/ff4444/ffffff
Masse,Erinna,44674392,emasse7s@newyorker.com,6187 Bunting Junction,http://dummyimage.com/150x150.png/5fa2dd/ffffff
Stannislawski,Clevie,88879848,cstannislawski7t@cbc.ca,13823 8th Avenue,http://dummyimage.com/150x150.png/cc0000/ffffff
Shorto,Pennie,44508254,pshorto7u@weebly.com,68144 Raven Point,http://dummyimage.com/150x150.png/5fa2dd/ffffff
Casserly,Orrin,13239665,ocasserly7v@howstuffworks.com,2568 Waywood Drive,http://dummyimage.com/150x150.png/5fa2dd/ffffff
MacInerney,Iolanthe,58182476,imacinerney7w@google.com.br,936 Coleman Alley,http://dummyimage.com/150x150.png/dddddd/000000
Fries,Karlotte,42894932,kfries7x@miitbeian.gov.cn,36 Northridge Terrace,http://dummyimage.com/150x150.png/dddddd/000000
Fernie,Gretna,35950020,gfernie7y@yandex.ru,6 Hoard Terrace,http://dummyimage.com/150x150.png/5fa2dd/ffffff
Dodridge,Natalie,18433281,ndodridge7z@wordpress.com,3 Hanson Court,http://dummyimage.com/150x150.png/dddddd/000000
Plastow,Aguie,97346134,aplastow80@europa.eu,22 Meadow Ridge Pass,http://dummyimage.com/150x150.png/5fa2dd/ffffff
Britland,Yasmeen,50459288,ybritland81@is.gd,24 Lien Circle,http://dummyimage.com/150x150.png/dddddd/000000
Oldland,Bryn,64219787,boldland82@abc.net.au,3220 Maryland Street,http://dummyimage.com/150x150.png/dddddd/000000
Quarrington,Mireielle,72678588,mquarrington83@google.es,5 Daystar Road,http://dummyimage.com/150x150.png/cc0000/ffffff
Graber,Ruthi,51533677,rgraber84@mediafire.com,31743 Mayfield Place,http://dummyimage.com/150x150.png/cc0000/ffffff
Joinsey,Miner,83069875,mjoinsey85@wired.com,0 Pearson Park,http://dummyimage.com/150x150.png/ff4444/ffffff
Fosdike,Meyer,51147249,mfosdike86@tamu.edu,21 Prairie Rose Hill,http://dummyimage.com/150x150.png/dddddd/000000
Tremolieres,Lon,65717919,ltremolieres87@rambler.ru,5 Moulton Street,http://dummyimage.com/150x150.png/ff4444/ffffff
Tremoille,Michelle,13376319,mtremoille88@jigsy.com,81263 Hintze Alley,http://dummyimage.com/150x150.png/dddddd/000000
Lage,Hally,23143618,hlage89@tripod.com,12246 Spaight Road,http://dummyimage.com/150x150.png/dddddd/000000
Gladdor,Harli,83950489,hgladdor8a@sfgate.com,9030 Carey Junction,http://dummyimage.com/150x150.png/cc0000/ffffff
Lamping,Clarine,93951615,clamping8b@yahoo.co.jp,0 Southridge Court,http://dummyimage.com/150x150.png/5fa2dd/ffffff
Phuprate,Bevon,80245451,bphuprate8c@feedburner.com,49757 Haas Point,http://dummyimage.com/150x150.png/cc0000/ffffff
Normand,Carlynn,43174462,cnormand8d@springer.com,4882 Randy Street,http://dummyimage.com/150x150.png/ff4444/ffffff
Scudamore,Linell,53211384,lscudamore8e@redcross.org,13 Hooker Junction,http://dummyimage.com/150x150.png/ff4444/ffffff
Genner,Pegeen,50401795,pgenner8f@eventbrite.com,22972 Vahlen Crossing,http://dummyimage.com/150x150.png/dddddd/000000
Gheeraert,Aubrey,85610057,agheeraert8g@desdev.cn,983 Corscot Road,http://dummyimage.com/150x150.png/ff4444/ffffff
Longina,Nettle,13748445,nlongina8h@vistaprint.com,5 Shoshone Terrace,http://dummyimage.com/150x150.png/dddddd/000000
McWhin,Davide,61708193,dmcwhin8i@guardian.co.uk,34 Dapin Crossing,http://dummyimage.com/150x150.png/cc0000/ffffff
Stiegar,Ervin,75964734,estiegar8j@studiopress.com,745 Knutson Hill,http://dummyimage.com/150x150.png/cc0000/ffffff
O'Shevlan,Helena,67254427,hoshevlan8k@example.com,368 Texas Drive,http://dummyimage.com/150x150.png/dddddd/000000
Jiru,Philbert,47790456,pjiru8l@omniture.com,01 John Wall Park,http://dummyimage.com/150x150.png/ff4444/ffffff
McClelland,Robb,54123722,rmcclelland8m@disqus.com,276 Mandrake Street,http://dummyimage.com/150x150.png/cc0000/ffffff
O'Corhane,Perri,39387884,pocorhane8n@abc.net.au,22 Fairview Parkway,http://dummyimage.com/150x150.png/ff4444/ffffff
Guerner,Mel,37874195,mguerner8o@mtv.com,313 Maple Wood Avenue,http://dummyimage.com/150x150.png/dddddd/000000
Martinho,Marlena,25137124,mmartinho8p@wordpress.org,925 Arrowood Trail,http://dummyimage.com/150x150.png/ff4444/ffffff
Kitchenside,Alfonse,66500397,akitchenside8q@ovh.net,26527 Golf Street,http://dummyimage.com/150x150.png/5fa2dd/ffffff
Meakes,Aurilia,64762528,ameakes8r@com.com,59193 Crescent Oaks Parkway,http://dummyimage.com/150x150.png/ff4444/ffffff
Caghan,Luella,28986616,lcaghan8s@bloomberg.com,02697 Delladonna Place,http://dummyimage.com/150x150.png/ff4444/ffffff
Mitchall,Martino,95092492,mmitchall8t@netlog.com,02 Maryland Parkway,http://dummyimage.com/150x150.png/dddddd/000000
Rofe,Sabina,99249764,srofe8u@exblog.jp,938 Rigney Circle,http://dummyimage.com/150x150.png/dddddd/000000
Reichert,Temp,11110607,treichert8v@wikimedia.org,85358 Dawn Avenue,http://dummyimage.com/150x150.png/5fa2dd/ffffff
Peyro,Linnie,25107514,lpeyro8w@upenn.edu,64707 Fordem Center,http://dummyimage.com/150x150.png/ff4444/ffffff
Jiracek,Brucie,42019277,bjiracek8x@umn.edu,93151 Melody Street,http://dummyimage.com/150x150.png/ff4444/ffffff
Jeannon,Sheridan,30126167,sjeannon8y@plala.or.jp,560 Rockefeller Parkway,http://dummyimage.com/150x150.png/5fa2dd/ffffff
Van Haeften,Wiatt,33462280,wvanhaeften8z@census.gov,7706 Green Ridge Drive,http://dummyimage.com/150x150.png/ff4444/ffffff
Simmell,Sybyl,88090533,ssimmell90@pbs.org,03371 2nd Trail,http://dummyimage.com/150x150.png/dddddd/000000
Fernihough,Starla,41432473,sfernihough91@booking.com,97 8th Trail,http://dummyimage.com/150x150.png/5fa2dd/ffffff
Imason,Clarance,55572253,cimason92@fastcompany.com,1 Prairieview Pass,http://dummyimage.com/150x150.png/5fa2dd/ffffff
Rangle,Jeanine,94484123,jrangle93@cdbaby.com,36949 Drewry Alley,http://dummyimage.com/150x150.png/dddddd/000000
Myner,Cissy,66647832,cmyner94@prweb.com,37737 South Plaza,http://dummyimage.com/150x150.png/5fa2dd/ffffff
Norledge,De,92066320,dnorledge95@myspace.com,27 Almo Center,http://dummyimage.com/150x150.png/dddddd/000000
Volett,Ara,57696673,avolett96@technorati.com,1540 Magdeline Parkway,http://dummyimage.com/150x150.png/ff4444/ffffff
McCosh,Morissa,28836701,mmccosh97@i2i.jp,30261 Bunker Hill Terrace,http://dummyimage.com/150x150.png/5fa2dd/ffffff
Forlonge,Lurette,29715462,lforlonge98@over-blog.com,4391 Division Hill,http://dummyimage.com/150x150.png/ff4444/ffffff
Yedy,Nehemiah,22300629,nyedy99@macromedia.com,89337 Fair Oaks Avenue,http://dummyimage.com/150x150.png/cc0000/ffffff
Grovier,Nettie,45024181,ngrovier9a@plala.or.jp,881 Welch Center,http://dummyimage.com/150x150.png/5fa2dd/ffffff
Handman,Corena,76937179,chandman9b@psu.edu,7066 Mayer Crossing,http://dummyimage.com/150x150.png/5fa2dd/ffffff
Scourfield,Chrissy,57329064,cscourfield9c@aboutads.info,6 Superior Lane,http://dummyimage.com/150x150.png/5fa2dd/ffffff
Bailes,Theodore,31658230,tbailes9d@slideshare.net,15 Talmadge Road,http://dummyimage.com/150x150.png/5fa2dd/ffffff
Faldo,Sheelah,13250083,sfaldo9e@google.cn,5175 Warner Crossing,http://dummyimage.com/150x150.png/ff4444/ffffff
Delahunty,Hersh,41261338,hdelahunty9f@time.com,25057 Mosinee Plaza,http://dummyimage.com/150x150.png/ff4444/ffffff
Fazackerley,Yasmin,21753562,yfazackerley9g@pagesperso-orange.fr,294 Sherman Alley,http://dummyimage.com/150x150.png/5fa2dd/ffffff
Rittmeier,Whitman,30447206,writtmeier9h@arizona.edu,59802 Kim Place,http://dummyimage.com/150x150.png/cc0000/ffffff
Stammer,Silva,53538549,sstammer9i@sciencedaily.com,08239 Mendota Avenue,http://dummyimage.com/150x150.png/5fa2dd/ffffff
Boscott,Melly,77422123,mboscott9j@irs.gov,048 Gateway Road,http://dummyimage.com/150x150.png/5fa2dd/ffffff
Werrett,Jacquelin,19985879,jwerrett9k@constantcontact.com,99291 Badeau Circle,http://dummyimage.com/150x150.png/cc0000/ffffff
Shuttle,Cecil,26324310,cshuttle9l@ucsd.edu,77 Little Fleur Street,http://dummyimage.com/150x150.png/dddddd/000000
Tetsall,Agna,19144359,atetsall9m@sitemeter.com,1 Alpine Pass,http://dummyimage.com/150x150.png/cc0000/ffffff
Patillo,Deanna,62712957,dpatillo9n@ucoz.ru,694 Melvin Hill,http://dummyimage.com/150x150.png/dddddd/000000
Durbyn,Burch,62479482,bdurbyn9o@godaddy.com,91 Lighthouse Bay Trail,http://dummyimage.com/150x150.png/5fa2dd/ffffff
Brasted,Dmitri,81177475,dbrasted9p@tripod.com,0618 Jenifer Terrace,http://dummyimage.com/150x150.png/cc0000/ffffff
