Quenell,Randie,rquenell0@unicef.org,5 Bluejay Hill,http://dummyimage.com/150x150.png/cc0000/ffffff
Uzzell,Lian,luzzell1@themeforest.net,92108 Dixon Trail,http://dummyimage.com/150x150.png/5fa2dd/ffffff
Bail,Gradey,gbail2@cisco.com,6 Sheridan Junction,http://dummyimage.com/150x150.png/dddddd/000000
Wilsher,Ebony,ewilsher3@washingtonpost.com,18253 Hanover Place,http://dummyimage.com/150x150.png/5fa2dd/ffffff
Cattanach,Rozalie,rcattanach4@ca.gov,81 1st Hill,http://dummyimage.com/150x150.png/ff4444/ffffff
Cominetti,Olga,ocominetti5@spotify.com,81 Jenna Center,http://dummyimage.com/150x150.png/5fa2dd/ffffff
Fowgies,Cal,cfowgies6@jiathis.com,4 Oneill Terrace,http://dummyimage.com/150x150.png/cc0000/ffffff
Lewty,Fan,flewty7@washington.edu,44 Stang Terrace,http://dummyimage.com/150x150.png/dddddd/000000
Sauvan,Lewiss,lsauvan8@latimes.com,019 Waxwing Trail,http://dummyimage.com/150x150.png/dddddd/000000
Runnalls,Gardner,grunnalls9@blogtalkradio.com,4 Hallows Alley,http://dummyimage.com/150x150.png/5fa2dd/ffffff
Moses,Rowe,rmosesa@smh.com.au,17611 John Wall Court,http://dummyimage.com/150x150.png/ff4444/ffffff
Twydell,Staci,stwydellb@bandcamp.com,7597 1st Hill,http://dummyimage.com/150x150.png/dddddd/000000
Partleton,Agata,apartletonc@phpbb.com,1091 Londonderry Pass,http://dummyimage.com/150x150.png/dddddd/000000
Fergyson,Tan,tfergysond@deliciousdays.com,63 Dorton Drive,http://dummyimage.com/150x150.png/5fa2dd/ffffff
Mulleary,Lorilee,lmullearye@goodreads.com,0 Thompson Hill,http://dummyimage.com/150x150.png/cc0000/ffffff
Raspison,Stinky,sraspisonf@slashdot.org,84 Melrose Junction,http://dummyimage.com/150x150.png/5fa2dd/ffffff
Caswall,Waylon,wcaswallg@jalbum.net,94 Sunfield Lane,http://dummyimage.com/150x150.png/cc0000/ffffff
Blowick,Stanleigh,sblowickh@accuweather.com,7922 Stoughton Pass,http://dummyimage.com/150x150.png/ff4444/ffffff
Jasik,Malynda,mjasiki@amazon.com,767 Derek Avenue,http://dummyimage.com/150x150.png/5fa2dd/ffffff
Tenbrug,Gracie,gtenbrugj@youtube.com,49657 Vidon Avenue,http://dummyimage.com/150x150.png/5fa2dd/ffffff
Dyneley,Lorilyn,ldyneleyk@marriott.com,925 Leroy Crossing,http://dummyimage.com/150x150.png/5fa2dd/ffffff
Paddle,Otis,opaddlel@linkedin.com,026 Hanover Parkway,http://dummyimage.com/150x150.png/5fa2dd/ffffff
Paddell,Noemi,npaddellm@prweb.com,3474 Columbus Center,http://dummyimage.com/150x150.png/5fa2dd/ffffff
Ehlerding,Lind,lehlerdingn@ucsd.edu,38 Raven Lane,http://dummyimage.com/150x150.png/5fa2dd/ffffff
Blomefield,Carleton,cblomefieldo@msu.edu,4910 Arizona Circle,http://dummyimage.com/150x150.png/dddddd/000000
Klosser,Lina,lklosserp@jimdo.com,418 Marcy Trail,http://dummyimage.com/150x150.png/ff4444/ffffff
Linkin,Audra,alinkinq@furl.net,857 Dapin Center,http://dummyimage.com/150x150.png/cc0000/ffffff
Craddy,Bear,bcraddyr@youtube.com,9 Evergreen Park,http://dummyimage.com/150x150.png/5fa2dd/ffffff
Bramhill,Viviene,vbramhills@eepurl.com,09513 Browning Road,http://dummyimage.com/150x150.png/5fa2dd/ffffff
Handling,Joel,jhandlingt@mail.ru,503 Manley Trail,http://dummyimage.com/150x150.png/dddddd/000000
Gjerde,Latrena,lgjerdeu@csmonitor.com,99 Oak Valley Point,http://dummyimage.com/150x150.png/5fa2dd/ffffff
Oldmeadow,Stillmann,soldmeadowv@moonfruit.com,1 Old Gate Way,http://dummyimage.com/150x150.png/cc0000/ffffff
Ranald,Niko,nranaldw@hhs.gov,76796 Oakridge Lane,http://dummyimage.com/150x150.png/dddddd/000000
De Giorgis,Stanislas,sdegiorgisx@seesaa.net,1 Barby Point,http://dummyimage.com/150x150.png/cc0000/ffffff
Penman,Barnard,bpenmany@cam.ac.uk,3314 Pond Drive,http://dummyimage.com/150x150.png/dddddd/000000
Gligoraci,Yurik,ygligoraciz@bluehost.com,85 Eagle Crest Court,http://dummyimage.com/150x150.png/dddddd/000000
McAuliffe,Lauren,lmcauliffe10@hubpages.com,64 Golf Plaza,http://dummyimage.com/150x150.png/cc0000/ffffff
Stainer,Even,estainer11@cpanel.net,3 Hagan Point,http://dummyimage.com/150x150.png/cc0000/ffffff
Kydd,Willard,wkydd12@ihg.com,94232 Mcguire Lane,http://dummyimage.com/150x150.png/dddddd/000000
Bromidge,Bertie,bbromidge13@soundcloud.com,806 Menomonie Point,http://dummyimage.com/150x150.png/ff4444/ffffff
Mildner,Janelle,jmildner14@statcounter.com,28 Erie Crossing,http://dummyimage.com/150x150.png/dddddd/000000
Gullivent,Holly-anne,hgullivent15@webnode.com,4040 Muir Avenue,http://dummyimage.com/150x150.png/dddddd/000000
Clutten,Marj,mclutten16@sfgate.com,1380 Holy Cross Terrace,http://dummyimage.com/150x150.png/ff4444/ffffff
Sturch,Foster,fsturch17@livejournal.com,85 Buhler Circle,http://dummyimage.com/150x150.png/ff4444/ffffff
Hartropp,Karon,khartropp18@slashdot.org,614 Spaight Court,http://dummyimage.com/150x150.png/5fa2dd/ffffff
Hayton,Alasteir,ahayton19@jugem.jp,5 Hoffman Court,http://dummyimage.com/150x150.png/ff4444/ffffff
Pechell,Aleda,apechell1a@nih.gov,65 Debs Crossing,http://dummyimage.com/150x150.png/dddddd/000000
McVeagh,Dodie,dmcveagh1b@mapy.cz,819 Ohio Plaza,http://dummyimage.com/150x150.png/dddddd/000000
Esh,Bettine,besh1c@army.mil,13470 Sugar Park,http://dummyimage.com/150x150.png/5fa2dd/ffffff
Cars,Joye,jcars1d@sfgate.com,89 Mcbride Center,http://dummyimage.com/150x150.png/ff4444/ffffff
